{"accuracy": 0.819327731092437, "auc": 0.9198184180995005, "run_id": "af1f0a89ef61485ca18f41fe4c6bac5d"}