{"accuracy": 0.819327731092437, "auc": 0.9198184180995005, "run_id": "eb691dc1b57c4df69c830a7b9d1bcc8f"}