{"accuracy": 0.819327731092437, "auc": 0.9198184180995005, "run_id": "6ee6b95645ac4bc9afcbda2429a25859"}